fecha_publicacion,video,plataforma,hora_publicacion,duracion_s,revision,vistas,pct_pasa_gancho,tiempo_medio_s,pct_completado,me_gusta,comentarios,compartidos,guardados,visitas_perfil,seguidores_nuevos,jugadores_share_link,canjes_codigo,notas
,V1-hice-un-juego,TikTok,,,24h,,,,,,,,,,,,,
,V1-hice-un-juego,TikTok,,,72h,,,,,,,,,,,,,
,V1-hice-un-juego,TikTok,,,7d,,,,,,,,,,,,,
,V1-hice-un-juego,Reels,,,24h,,,,,,,,,,,,,
,V1-hice-un-juego,Reels,,,72h,,,,,,,,,,,,,
,V1-hice-un-juego,Reels,,,7d,,,,,,,,,,,,,
,V1-hice-un-juego,Shorts,,,24h,,,,,,,,,,,,,
,V1-hice-un-juego,Shorts,,,72h,,,,,,,,,,,,,
,V1-hice-un-juego,Shorts,,,7d,,,,,,,,,,,,,
,V2-solo-el-x,TikTok,,,24h,,,,,,,,,,,,,
,V2-solo-el-x,TikTok,,,72h,,,,,,,,,,,,,
,V2-solo-el-x,TikTok,,,7d,,,,,,,,,,,,,
,V2-solo-el-x,Reels,,,24h,,,,,,,,,,,,,
,V2-solo-el-x,Reels,,,72h,,,,,,,,,,,,,
,V2-solo-el-x,Reels,,,7d,,,,,,,,,,,,,
,V2-solo-el-x,Shorts,,,24h,,,,,,,,,,,,,
,V2-solo-el-x,Shorts,,,72h,,,,,,,,,,,,,
,V2-solo-el-x,Shorts,,,7d,,,,,,,,,,,,,
,V3-admin-abuse,TikTok,,,24h,,,,,,,,,,,,,
,V3-admin-abuse,TikTok,,,72h,,,,,,,,,,,,,
,V3-admin-abuse,TikTok,,,7d,,,,,,,,,,,,,
,V3-admin-abuse,Reels,,,24h,,,,,,,,,,,,,
,V3-admin-abuse,Reels,,,72h,,,,,,,,,,,,,
,V3-admin-abuse,Reels,,,7d,,,,,,,,,,,,,
,V3-admin-abuse,Shorts,,,24h,,,,,,,,,,,,,
,V3-admin-abuse,Shorts,,,72h,,,,,,,,,,,,,
,V3-admin-abuse,Shorts,,,7d,,,,,,,,,,,,,
